ISBN,Title,Author
ISBN13,Book data Not Found,Book data Not Found
9780007461240,Book data Not Found,Book data Not Found
9780307762528,Book data Not Found,Book data Not Found
9780743422277,Book data Not Found,Book data Not Found
9780241290002,Book data Not Found,Book data Not Found
9780061763403,Book data Not Found,Book data Not Found
9780463983096,Book data Not Found,Book data Not Found
9780241365984,Book data Not Found,Book data Not Found
9781322117171,Book data Not Found,Book data Not Found
9780141911717,Book data Not Found,Book data Not Found
9780141930169,Book data Not Found,Book data Not Found
9781250316783,Book data Not Found,Book data Not Found
9780748115358,Book data Not Found,Book data Not Found
9780141342436,Book data Not Found,Book data Not Found
9780141903125,Book data Not Found,Book data Not Found
9780141928685,Book data Not Found,Book data Not Found
9780755386390,Book data Not Found,Book data Not Found
9780230739673,Book data Not Found,Book data Not Found
9781310517228,Book data Not Found,Book data Not Found
9780698137653,Book data Not Found,Book data Not Found
9780956308641,Book data Not Found,Book data Not Found
9781405921107,Book data Not Found,Book data Not Found
9780575087057,Book data Not Found,Book data Not Found
9780440336358,Book data Not Found,Book data Not Found
9780755332557,Book data Not Found,Book data Not Found
